Total Nacional;Comunidades y Ciudades Autónomas;Producto consumido;año;Total
Total Nacional;;Electricidad;2022;14.319.055
Total Nacional;;Electricidad;2021;8.892.228
Total Nacional;;Electricidad;2019;6.367.976
Total Nacional;;Electricidad;2017;6.227.459
Total Nacional;;Electricidad;2015;6.177.084
Total Nacional;;Gas;2022;7.680.920
Total Nacional;;Gas;2021;3.817.158
Total Nacional;;Gas;2019;3.371.337
Total Nacional;;Gas;2017;2.981.674
Total Nacional;;Gas;2015;3.445.307
Total Nacional;;Gasóleo;2022;748.347
Total Nacional;;Gasóleo;2021;592.139
Total Nacional;;Gasóleo;2019;678.354
Total Nacional;;Gasóleo;2017;587.170
Total Nacional;;Gasóleo;2015;580.488
Total Nacional;;Fueloil;2022;104.831
Total Nacional;;Fueloil;2021;72.771
Total Nacional;;Fueloil;2019;99.137
Total Nacional;;Fueloil;2017;85.978
Total Nacional;;Fueloil;2015;102.731
Total Nacional;;Otros productos petrolíferos;2022;298.979
Total Nacional;;Otros productos petrolíferos;2021;82.206
Total Nacional;;Otros productos petrolíferos;2019;99.862
Total Nacional;;Otros productos petrolíferos;2017;106.862
Total Nacional;;Otros productos petrolíferos;2015;70.418
Total Nacional;;Carbón y coque;2022;63.928
Total Nacional;;Carbón y coque;2021;110.110
Total Nacional;;Carbón y coque;2019;104.630
Total Nacional;;Carbón y coque;2017;151.522
Total Nacional;;Carbón y coque;2015;151.191
Total Nacional;;Biocombustibles;2022;109.393
Total Nacional;;Biocombustibles;2021;36.055
Total Nacional;;Biocombustibles;2019;44.727
Total Nacional;;Biocombustibles;2017;27.910
Total Nacional;;Biocombustibles;2015;66.250
Total Nacional;;Calor y otros consumos energéticos;2022;1.330.020
Total Nacional;;Calor y otros consumos energéticos;2021;651.504
Total Nacional;;Calor y otros consumos energéticos;2019;460.987
Total Nacional;;Calor y otros consumos energéticos;2017;353.763
Total Nacional;;Calor y otros consumos energéticos;2015;364.029
Total Nacional;;Total consumos energéticos;2022;24.655.473
Total Nacional;;Total consumos energéticos;2021;14.254.170
Total Nacional;;Total consumos energéticos;2019;11.227.010
Total Nacional;;Total consumos energéticos;2017;10.522.338
Total Nacional;;Total consumos energéticos;2015;10.957.497
Total Nacional;01 Andalucía;Electricidad;2022;1.653.989
Total Nacional;01 Andalucía;Electricidad;2021;941.599
Total Nacional;01 Andalucía;Electricidad;2019;637.486
Total Nacional;01 Andalucía;Electricidad;2017;603.104
Total Nacional;01 Andalucía;Electricidad;2015;572.742
Total Nacional;01 Andalucía;Gas;2022;830.160
Total Nacional;01 Andalucía;Gas;2021;448.222
Total Nacional;01 Andalucía;Gas;2019;407.682
Total Nacional;01 Andalucía;Gas;2017;351.460
Total Nacional;01 Andalucía;Gas;2015;385.367
Total Nacional;01 Andalucía;Gasóleo;2022;98.434
Total Nacional;01 Andalucía;Gasóleo;2021;83.666
Total Nacional;01 Andalucía;Gasóleo;2019;87.652
Total Nacional;01 Andalucía;Gasóleo;2017;71.308
Total Nacional;01 Andalucía;Gasóleo;2015;60.586
Total Nacional;01 Andalucía;Fueloil;2022;10.270
Total Nacional;01 Andalucía;Fueloil;2021;5.589
Total Nacional;01 Andalucía;Fueloil;2019;9.839
Total Nacional;01 Andalucía;Fueloil;2017;9.707
Total Nacional;01 Andalucía;Fueloil;2015;5.908
Total Nacional;01 Andalucía;Otros productos petrolíferos;2022;35.049
Total Nacional;01 Andalucía;Otros productos petrolíferos;2021;10.508
Total Nacional;01 Andalucía;Otros productos petrolíferos;2019;29.004
Total Nacional;01 Andalucía;Otros productos petrolíferos;2017;29.756
Total Nacional;01 Andalucía;Otros productos petrolíferos;2015;7.856
Total Nacional;01 Andalucía;Carbón y coque;2022;2.925
Total Nacional;01 Andalucía;Carbón y coque;2021;5.605
Total Nacional;01 Andalucía;Carbón y coque;2019;7.733
Total Nacional;01 Andalucía;Carbón y coque;2017;21.324
Total Nacional;01 Andalucía;Carbón y coque;2015;18.166
Total Nacional;01 Andalucía;Biocombustibles;2022;11.797
Total Nacional;01 Andalucía;Biocombustibles;2021;6.302
Total Nacional;01 Andalucía;Biocombustibles;2019;4.155
Total Nacional;01 Andalucía;Biocombustibles;2017;3.213
Total Nacional;01 Andalucía;Biocombustibles;2015;13.669
Total Nacional;01 Andalucía;Calor y otros consumos energéticos;2022;287.084
Total Nacional;01 Andalucía;Calor y otros consumos energéticos;2021;97.875
Total Nacional;01 Andalucía;Calor y otros consumos energéticos;2019;75.753
Total Nacional;01 Andalucía;Calor y otros consumos energéticos;2017;72.293
Total Nacional;01 Andalucía;Calor y otros consumos energéticos;2015;108.900
Total Nacional;01 Andalucía;Total consumos energéticos;2022;2.929.708
Total Nacional;01 Andalucía;Total consumos energéticos;2021;1.599.367
Total Nacional;01 Andalucía;Total consumos energéticos;2019;1.259.305
Total Nacional;01 Andalucía;Total consumos energéticos;2017;1.162.165
Total Nacional;01 Andalucía;Total consumos energéticos;2015;1.173.194
Total Nacional;02 Aragón;Electricidad;2022;736.139
Total Nacional;02 Aragón;Electricidad;2021;477.683
Total Nacional;02 Aragón;Electricidad;2019;327.440
Total Nacional;02 Aragón;Electricidad;2017;294.327
Total Nacional;02 Aragón;Electricidad;2015;317.739
Total Nacional;02 Aragón;Gas;2022;306.174
Total Nacional;02 Aragón;Gas;2021;163.788
Total Nacional;02 Aragón;Gas;2019;134.065
Total Nacional;02 Aragón;Gas;2017;112.729
Total Nacional;02 Aragón;Gas;2015;139.081
Total Nacional;02 Aragón;Gasóleo;2022;35.578
Total Nacional;02 Aragón;Gasóleo;2021;36.951
Total Nacional;02 Aragón;Gasóleo;2019;28.400
Total Nacional;02 Aragón;Gasóleo;2017;32.044
Total Nacional;02 Aragón;Gasóleo;2015;32.079
Total Nacional;02 Aragón;Fueloil;2022;1.210
Total Nacional;02 Aragón;Fueloil;2021;2.499
Total Nacional;02 Aragón;Fueloil;2019;2.527
Total Nacional;02 Aragón;Fueloil;2017;3.636
Total Nacional;02 Aragón;Fueloil;2015;2.722
Total Nacional;02 Aragón;Otros productos petrolíferos;2022;8.106
Total Nacional;02 Aragón;Otros productos petrolíferos;2021;2.563
Total Nacional;02 Aragón;Otros productos petrolíferos;2019;5.953
Total Nacional;02 Aragón;Otros productos petrolíferos;2017;2.251
Total Nacional;02 Aragón;Otros productos petrolíferos;2015;3.179
Total Nacional;02 Aragón;Carbón y coque;2022;409
Total Nacional;02 Aragón;Carbón y coque;2021;3.573
Total Nacional;02 Aragón;Carbón y coque;2019;3.781
Total Nacional;02 Aragón;Carbón y coque;2017;7.032
Total Nacional;02 Aragón;Carbón y coque;2015;5.918
Total Nacional;02 Aragón;Biocombustibles;2022;3.723
Total Nacional;02 Aragón;Biocombustibles;2021;3.052
Total Nacional;02 Aragón;Biocombustibles;2019;3.025
Total Nacional;02 Aragón;Biocombustibles;2017;1.466
Total Nacional;02 Aragón;Biocombustibles;2015;2.082
Total Nacional;02 Aragón;Calor y otros consumos energéticos;2022;4.948
Total Nacional;02 Aragón;Calor y otros consumos energéticos;2021;4.518
Total Nacional;02 Aragón;Calor y otros consumos energéticos;2019;4.274
Total Nacional;02 Aragón;Calor y otros consumos energéticos;2017;4.041
Total Nacional;02 Aragón;Calor y otros consumos energéticos;2015;4.021
Total Nacional;02 Aragón;Total consumos energéticos;2022;1.096.288
Total Nacional;02 Aragón;Total consumos energéticos;2021;694.626
Total Nacional;02 Aragón;Total consumos energéticos;2019;509.464
Total Nacional;02 Aragón;Total consumos energéticos;2017;457.525
Total Nacional;02 Aragón;Total consumos energéticos;2015;506.822
Total Nacional;03 Asturias, Principado de;Electricidad;2022;936.136
Total Nacional;03 Asturias, Principado de;Electricidad;2021;543.877
Total Nacional;03 Asturias, Principado de;Electricidad;2019;316.955
Total Nacional;03 Asturias, Principado de;Electricidad;2017;304.714
Total Nacional;03 Asturias, Principado de;Electricidad;2015;327.559
Total Nacional;03 Asturias, Principado de;Gas;2022;283.772
Total Nacional;03 Asturias, Principado de;Gas;2021;174.503
Total Nacional;03 Asturias, Principado de;Gas;2019;116.136
Total Nacional;03 Asturias, Principado de;Gas;2017;95.456
Total Nacional;03 Asturias, Principado de;Gas;2015;108.397
Total Nacional;03 Asturias, Principado de;Gasóleo;2022;18.895
Total Nacional;03 Asturias, Principado de;Gasóleo;2021;11.665
Total Nacional;03 Asturias, Principado de;Gasóleo;2019;13.795
Total Nacional;03 Asturias, Principado de;Gasóleo;2017;13.952
Total Nacional;03 Asturias, Principado de;Gasóleo;2015;14.581
Total Nacional;03 Asturias, Principado de;Fueloil;2022;21.144
Total Nacional;03 Asturias, Principado de;Fueloil;2021;4.175
Total Nacional;03 Asturias, Principado de;Fueloil;2019;4.918
Total Nacional;03 Asturias, Principado de;Fueloil;2017;3.462
Total Nacional;03 Asturias, Principado de;Fueloil;2015;5.447
Total Nacional;03 Asturias, Principado de;Otros productos petrolíferos;2022;16.215
Total Nacional;03 Asturias, Principado de;Otros productos petrolíferos;2021;1.906
Total Nacional;03 Asturias, Principado de;Otros productos petrolíferos;2019;1.242
Total Nacional;03 Asturias, Principado de;Otros productos petrolíferos;2017;4.874
Total Nacional;03 Asturias, Principado de;Otros productos petrolíferos;2015;3.840
Total Nacional;03 Asturias, Principado de;Carbón y coque;2022;2.654
Total Nacional;03 Asturias, Principado de;Carbón y coque;2021;10.198
Total Nacional;03 Asturias, Principado de;Carbón y coque;2019;9.167
Total Nacional;03 Asturias, Principado de;Carbón y coque;2017;9.061
Total Nacional;03 Asturias, Principado de;Carbón y coque;2015;11.467
Total Nacional;03 Asturias, Principado de;Biocombustibles;2022;2.599
Total Nacional;03 Asturias, Principado de;Biocombustibles;2021;174
Total Nacional;03 Asturias, Principado de;Biocombustibles;2019;125
Total Nacional;03 Asturias, Principado de;Biocombustibles;2017;341
Total Nacional;03 Asturias, Principado de;Biocombustibles;2015;10.009
Total Nacional;03 Asturias, Principado de;Calor y otros consumos energéticos;2022;72.221
Total Nacional;03 Asturias, Principado de;Calor y otros consumos energéticos;2021;55.972
Total Nacional;03 Asturias, Principado de;Calor y otros consumos energéticos;2019;39.528
Total Nacional;03 Asturias, Principado de;Calor y otros consumos energéticos;2017;26.413
Total Nacional;03 Asturias, Principado de;Calor y otros consumos energéticos;2015;13.883
Total Nacional;03 Asturias, Principado de;Total consumos energéticos;2022;1.353.638
Total Nacional;03 Asturias, Principado de;Total consumos energéticos;2021;802.470
Total Nacional;03 Asturias, Principado de;Total consumos energéticos;2019;501.867
Total Nacional;03 Asturias, Principado de;Total consumos energéticos;2017;458.272
Total Nacional;03 Asturias, Principado de;Total consumos energéticos;2015;495.183
Total Nacional;04 Balears, Illes;Electricidad;2022;25.137
Total Nacional;04 Balears, Illes;Electricidad;2021;12.505
Total Nacional;04 Balears, Illes;Electricidad;2019;16.421
Total Nacional;04 Balears, Illes;Electricidad;2017;14.537
Total Nacional;04 Balears, Illes;Electricidad;2015;14.761
Total Nacional;04 Balears, Illes;Gas;2022;2.997
Total Nacional;04 Balears, Illes;Gas;2021;5.794
Total Nacional;04 Balears, Illes;Gas;2019;4.533
Total Nacional;04 Balears, Illes;Gas;2017;3.750
Total Nacional;04 Balears, Illes;Gas;2015;4.801
Total Nacional;04 Balears, Illes;Gasóleo;2022;5.142
Total Nacional;04 Balears, Illes;Gasóleo;2021;3.623
Total Nacional;04 Balears, Illes;Gasóleo;2019;4.165
Total Nacional;04 Balears, Illes;Gasóleo;2017;3.522
Total Nacional;04 Balears, Illes;Gasóleo;2015;3.929
Total Nacional;04 Balears, Illes;Fueloil;2022;768
Total Nacional;04 Balears, Illes;Fueloil;2021;177
Total Nacional;04 Balears, Illes;Fueloil;2019;422
Total Nacional;04 Balears, Illes;Fueloil;2017;223
Total Nacional;04 Balears, Illes;Fueloil;2015;198
Total Nacional;04 Balears, Illes;Otros productos petrolíferos;2022;2.499
Total Nacional;04 Balears, Illes;Otros productos petrolíferos;2021;822
Total Nacional;04 Balears, Illes;Otros productos petrolíferos;2019;458
Total Nacional;04 Balears, Illes;Otros productos petrolíferos;2017;374
Total Nacional;04 Balears, Illes;Otros productos petrolíferos;2015;257
Total Nacional;04 Balears, Illes;Carbón y coque;2022;17
Total Nacional;04 Balears, Illes;Carbón y coque;2021;914
Total Nacional;04 Balears, Illes;Carbón y coque;2019;1.552
Total Nacional;04 Balears, Illes;Carbón y coque;2017;3.682
Total Nacional;04 Balears, Illes;Carbón y coque;2015;3.609
Total Nacional;04 Balears, Illes;Biocombustibles;2022;558
Total Nacional;04 Balears, Illes;Biocombustibles;2021;158
Total Nacional;04 Balears, Illes;Biocombustibles;2019;518
Total Nacional;04 Balears, Illes;Biocombustibles;2017;218
Total Nacional;04 Balears, Illes;Biocombustibles;2015;434
Total Nacional;04 Balears, Illes;Calor y otros consumos energéticos;2022;217
Total Nacional;04 Balears, Illes;Calor y otros consumos energéticos;2021;30
Total Nacional;04 Balears, Illes;Calor y otros consumos energéticos;2019;78
Total Nacional;04 Balears, Illes;Calor y otros consumos energéticos;2017;135
Total Nacional;04 Balears, Illes;Calor y otros consumos energéticos;2015;123
Total Nacional;04 Balears, Illes;Total consumos energéticos;2022;37.335
Total Nacional;04 Balears, Illes;Total consumos energéticos;2021;24.023
Total Nacional;04 Balears, Illes;Total consumos energéticos;2019;28.148
Total Nacional;04 Balears, Illes;Total consumos energéticos;2017;26.442
Total Nacional;04 Balears, Illes;Total consumos energéticos;2015;28.112
Total Nacional;05 Canarias;Electricidad;2022;55.808
Total Nacional;05 Canarias;Electricidad;2021;38.048
Total Nacional;05 Canarias;Electricidad;2019;34.048
Total Nacional;05 Canarias;Electricidad;2017;31.958
Total Nacional;05 Canarias;Electricidad;2015;32.801
Total Nacional;05 Canarias;Gas;2022;4.457
Total Nacional;05 Canarias;Gas;2021;3.813
Total Nacional;05 Canarias;Gas;2019;7.328
Total Nacional;05 Canarias;Gas;2017;5.487
Total Nacional;05 Canarias;Gas;2015;5.912
Total Nacional;05 Canarias;Gasóleo;2022;11.275
Total Nacional;05 Canarias;Gasóleo;2021;8.808
Total Nacional;05 Canarias;Gasóleo;2019;10.050
Total Nacional;05 Canarias;Gasóleo;2017;9.157
Total Nacional;05 Canarias;Gasóleo;2015;9.744
Total Nacional;05 Canarias;Fueloil;2022;3.691
Total Nacional;05 Canarias;Fueloil;2021;2.832
Total Nacional;05 Canarias;Fueloil;2019;4.304
Total Nacional;05 Canarias;Fueloil;2017;3.453
Total Nacional;05 Canarias;Fueloil;2015;4.043
Total Nacional;05 Canarias;Otros productos petrolíferos;2022;7.138
Total Nacional;05 Canarias;Otros productos petrolíferos;2021;2.640
Total Nacional;05 Canarias;Otros productos petrolíferos;2019;1.568
Total Nacional;05 Canarias;Otros productos petrolíferos;2017;1.782
Total Nacional;05 Canarias;Otros productos petrolíferos;2015;3.490
Total Nacional;05 Canarias;Carbón y coque;2022;58
Total Nacional;05 Canarias;Carbón y coque;2021;339
Total Nacional;05 Canarias;Carbón y coque;2019;1.596
Total Nacional;05 Canarias;Carbón y coque;2017;2.089
Total Nacional;05 Canarias;Carbón y coque;2015;1.925
Total Nacional;05 Canarias;Biocombustibles;2022;1.077
Total Nacional;05 Canarias;Biocombustibles;2021;127
Total Nacional;05 Canarias;Biocombustibles;2019;121
Total Nacional;05 Canarias;Biocombustibles;2017;72
Total Nacional;05 Canarias;Biocombustibles;2015;10
Total Nacional;05 Canarias;Calor y otros consumos energéticos;2022;626
Total Nacional;05 Canarias;Calor y otros consumos energéticos;2021;726
Total Nacional;05 Canarias;Calor y otros consumos energéticos;2019;580
Total Nacional;05 Canarias;Calor y otros consumos energéticos;2017;151
Total Nacional;05 Canarias;Calor y otros consumos energéticos;2015;287
Total Nacional;05 Canarias;Total consumos energéticos;2022;84.130
Total Nacional;05 Canarias;Total consumos energéticos;2021;57.334
Total Nacional;05 Canarias;Total consumos energéticos;2019;59.596
Total Nacional;05 Canarias;Total consumos energéticos;2017;54.148
Total Nacional;05 Canarias;Total consumos energéticos;2015;58.212
Total Nacional;06 Cantabria;Electricidad;2022;377.849
Total Nacional;06 Cantabria;Electricidad;2021;233.187
Total Nacional;06 Cantabria;Electricidad;2019;142.352
Total Nacional;06 Cantabria;Electricidad;2017;152.876
Total Nacional;06 Cantabria;Electricidad;2015;154.383
Total Nacional;06 Cantabria;Gas;2022;141.680
Total Nacional;06 Cantabria;Gas;2021;56.709
Total Nacional;06 Cantabria;Gas;2019;51.612
Total Nacional;06 Cantabria;Gas;2017;58.998
Total Nacional;06 Cantabria;Gas;2015;73.432
Total Nacional;06 Cantabria;Gasóleo;2022;12.177
Total Nacional;06 Cantabria;Gasóleo;2021;9.225
Total Nacional;06 Cantabria;Gasóleo;2019;13.506
Total Nacional;06 Cantabria;Gasóleo;2017;10.858
Total Nacional;06 Cantabria;Gasóleo;2015;10.669
Total Nacional;06 Cantabria;Fueloil;2022;2.812
Total Nacional;06 Cantabria;Fueloil;2021;2.364
Total Nacional;06 Cantabria;Fueloil;2019;4.369
Total Nacional;06 Cantabria;Fueloil;2017;1.839
Total Nacional;06 Cantabria;Fueloil;2015;1.935
Total Nacional;06 Cantabria;Otros productos petrolíferos;2022;3.457
Total Nacional;06 Cantabria;Otros productos petrolíferos;2021;641
Total Nacional;06 Cantabria;Otros productos petrolíferos;2019;13.318
Total Nacional;06 Cantabria;Otros productos petrolíferos;2017;784
Total Nacional;06 Cantabria;Otros productos petrolíferos;2015;586
Total Nacional;06 Cantabria;Carbón y coque;2022;7.795
Total Nacional;06 Cantabria;Carbón y coque;2021;2.841
Total Nacional;06 Cantabria;Carbón y coque;2019;4.431
Total Nacional;06 Cantabria;Carbón y coque;2017;24.436
Total Nacional;06 Cantabria;Carbón y coque;2015;26.508
Total Nacional;06 Cantabria;Biocombustibles;2022;945
Total Nacional;06 Cantabria;Biocombustibles;2021;262
Total Nacional;06 Cantabria;Biocombustibles;2019;784
Total Nacional;06 Cantabria;Biocombustibles;2017;427
Total Nacional;06 Cantabria;Biocombustibles;2015;581
Total Nacional;06 Cantabria;Calor y otros consumos energéticos;2022;37.448
Total Nacional;06 Cantabria;Calor y otros consumos energéticos;2021;21.708
Total Nacional;06 Cantabria;Calor y otros consumos energéticos;2019;2.332
Total Nacional;06 Cantabria;Calor y otros consumos energéticos;2017;15.518
Total Nacional;06 Cantabria;Calor y otros consumos energéticos;2015;20.255
Total Nacional;06 Cantabria;Total consumos energéticos;2022;584.164
Total Nacional;06 Cantabria;Total consumos energéticos;2021;326.938
Total Nacional;06 Cantabria;Total consumos energéticos;2019;232.706
Total Nacional;06 Cantabria;Total consumos energéticos;2017;265.734
Total Nacional;06 Cantabria;Total consumos energéticos;2015;288.350
Total Nacional;07 Castilla y León;Electricidad;2022;873.255
Total Nacional;07 Castilla y León;Electricidad;2021;522.358
Total Nacional;07 Castilla y León;Electricidad;2019;422.607
Total Nacional;07 Castilla y León;Electricidad;2017;379.885
Total Nacional;07 Castilla y León;Electricidad;2015;380.329
Total Nacional;07 Castilla y León;Gas;2022;427.336
Total Nacional;07 Castilla y León;Gas;2021;217.921
Total Nacional;07 Castilla y León;Gas;2019;203.322
Total Nacional;07 Castilla y León;Gas;2017;182.753
Total Nacional;07 Castilla y León;Gas;2015;226.570
Total Nacional;07 Castilla y León;Gasóleo;2022;73.892
Total Nacional;07 Castilla y León;Gasóleo;2021;47.725
Total Nacional;07 Castilla y León;Gasóleo;2019;62.468
Total Nacional;07 Castilla y León;Gasóleo;2017;53.110
Total Nacional;07 Castilla y León;Gasóleo;2015;67.742
Total Nacional;07 Castilla y León;Fueloil;2022;7.975
Total Nacional;07 Castilla y León;Fueloil;2021;3.185
Total Nacional;07 Castilla y León;Fueloil;2019;3.509
Total Nacional;07 Castilla y León;Fueloil;2017;4.715
Total Nacional;07 Castilla y León;Fueloil;2015;4.892
Total Nacional;07 Castilla y León;Otros productos petrolíferos;2022;21.562
Total Nacional;07 Castilla y León;Otros productos petrolíferos;2021;4.765
Total Nacional;07 Castilla y León;Otros productos petrolíferos;2019;4.298
Total Nacional;07 Castilla y León;Otros productos petrolíferos;2017;5.645
Total Nacional;07 Castilla y León;Otros productos petrolíferos;2015;5.917
Total Nacional;07 Castilla y León;Carbón y coque;2022;2.235
Total Nacional;07 Castilla y León;Carbón y coque;2021;7.671
Total Nacional;07 Castilla y León;Carbón y coque;2019;8.535
Total Nacional;07 Castilla y León;Carbón y coque;2017;11.620
Total Nacional;07 Castilla y León;Carbón y coque;2015;11.423
Total Nacional;07 Castilla y León;Biocombustibles;2022;19.395
Total Nacional;07 Castilla y León;Biocombustibles;2021;3.104
Total Nacional;07 Castilla y León;Biocombustibles;2019;5.424
Total Nacional;07 Castilla y León;Biocombustibles;2017;1.463
Total Nacional;07 Castilla y León;Biocombustibles;2015;4.598
Total Nacional;07 Castilla y León;Calor y otros consumos energéticos;2022;97.224
Total Nacional;07 Castilla y León;Calor y otros consumos energéticos;2021;26.376
Total Nacional;07 Castilla y León;Calor y otros consumos energéticos;2019;12.751
Total Nacional;07 Castilla y León;Calor y otros consumos energéticos;2017;10.565
Total Nacional;07 Castilla y León;Calor y otros consumos energéticos;2015;14.350
Total Nacional;07 Castilla y León;Total consumos energéticos;2022;1.522.874
Total Nacional;07 Castilla y León;Total consumos energéticos;2021;833.103
Total Nacional;07 Castilla y León;Total consumos energéticos;2019;722.914
Total Nacional;07 Castilla y León;Total consumos energéticos;2017;649.756
Total Nacional;07 Castilla y León;Total consumos energéticos;2015;715.821
Total Nacional;08 Castilla - La Mancha;Electricidad;2022;699.022
Total Nacional;08 Castilla - La Mancha;Electricidad;2021;384.581
Total Nacional;08 Castilla - La Mancha;Electricidad;2019;285.015
Total Nacional;08 Castilla - La Mancha;Electricidad;2017;255.498
Total Nacional;08 Castilla - La Mancha;Electricidad;2015;240.499
Total Nacional;08 Castilla - La Mancha;Gas;2022;280.807
Total Nacional;08 Castilla - La Mancha;Gas;2021;173.356
Total Nacional;08 Castilla - La Mancha;Gas;2019;167.890
Total Nacional;08 Castilla - La Mancha;Gas;2017;135.825
Total Nacional;08 Castilla - La Mancha;Gas;2015;142.366
Total Nacional;08 Castilla - La Mancha;Gasóleo;2022;60.229
Total Nacional;08 Castilla - La Mancha;Gasóleo;2021;47.805
Total Nacional;08 Castilla - La Mancha;Gasóleo;2019;43.690
Total Nacional;08 Castilla - La Mancha;Gasóleo;2017;36.256
Total Nacional;08 Castilla - La Mancha;Gasóleo;2015;36.284
Total Nacional;08 Castilla - La Mancha;Fueloil;2022;5.166
Total Nacional;08 Castilla - La Mancha;Fueloil;2021;3.857
Total Nacional;08 Castilla - La Mancha;Fueloil;2019;22.210
Total Nacional;08 Castilla - La Mancha;Fueloil;2017;19.356
Total Nacional;08 Castilla - La Mancha;Fueloil;2015;12.700
Total Nacional;08 Castilla - La Mancha;Otros productos petrolíferos;2022;21.360
Total Nacional;08 Castilla - La Mancha;Otros productos petrolíferos;2021;3.770
Total Nacional;08 Castilla - La Mancha;Otros productos petrolíferos;2019;1.910
Total Nacional;08 Castilla - La Mancha;Otros productos petrolíferos;2017;3.128
Total Nacional;08 Castilla - La Mancha;Otros productos petrolíferos;2015;2.561
Total Nacional;08 Castilla - La Mancha;Carbón y coque;2022;4.714
Total Nacional;08 Castilla - La Mancha;Carbón y coque;2021;11.561
Total Nacional;08 Castilla - La Mancha;Carbón y coque;2019;10.508
Total Nacional;08 Castilla - La Mancha;Carbón y coque;2017;3.684
Total Nacional;08 Castilla - La Mancha;Carbón y coque;2015;4.108
Total Nacional;08 Castilla - La Mancha;Biocombustibles;2022;4.138
Total Nacional;08 Castilla - La Mancha;Biocombustibles;2021;2.232
Total Nacional;08 Castilla - La Mancha;Biocombustibles;2019;3.752
Total Nacional;08 Castilla - La Mancha;Biocombustibles;2017;1.911
Total Nacional;08 Castilla - La Mancha;Biocombustibles;2015;1.318
Total Nacional;08 Castilla - La Mancha;Calor y otros consumos energéticos;2022;56.418
Total Nacional;08 Castilla - La Mancha;Calor y otros consumos energéticos;2021;18.933
Total Nacional;08 Castilla - La Mancha;Calor y otros consumos energéticos;2019;24.461
Total Nacional;08 Castilla - La Mancha;Calor y otros consumos energéticos;2017;21.003
Total Nacional;08 Castilla - La Mancha;Calor y otros consumos energéticos;2015;19.067
Total Nacional;08 Castilla - La Mancha;Total consumos energéticos;2022;1.131.855
Total Nacional;08 Castilla - La Mancha;Total consumos energéticos;2021;646.096
Total Nacional;08 Castilla - La Mancha;Total consumos energéticos;2019;559.435
Total Nacional;08 Castilla - La Mancha;Total consumos energéticos;2017;476.661
Total Nacional;08 Castilla - La Mancha;Total consumos energéticos;2015;458.902
Total Nacional;09 Cataluña;Electricidad;2022;3.059.538
Total Nacional;09 Cataluña;Electricidad;2021;1.889.476
Total Nacional;09 Cataluña;Electricidad;2019;1.414.503
Total Nacional;09 Cataluña;Electricidad;2017;1.438.588
Total Nacional;09 Cataluña;Electricidad;2015;1.454.723
Total Nacional;09 Cataluña;Gas;2022;1.299.161
Total Nacional;09 Cataluña;Gas;2021;639.091
Total Nacional;09 Cataluña;Gas;2019;738.889
Total Nacional;09 Cataluña;Gas;2017;630.983
Total Nacional;09 Cataluña;Gas;2015;740.968
Total Nacional;09 Cataluña;Gasóleo;2022;106.308
Total Nacional;09 Cataluña;Gasóleo;2021;87.473
Total Nacional;09 Cataluña;Gasóleo;2019;109.747
Total Nacional;09 Cataluña;Gasóleo;2017;108.535
Total Nacional;09 Cataluña;Gasóleo;2015;96.591
Total Nacional;09 Cataluña;Fueloil;2022;4.671
Total Nacional;09 Cataluña;Fueloil;2021;3.895
Total Nacional;09 Cataluña;Fueloil;2019;8.829
Total Nacional;09 Cataluña;Fueloil;2017;6.465
Total Nacional;09 Cataluña;Fueloil;2015;9.223
Total Nacional;09 Cataluña;Otros productos petrolíferos;2022;44.445
Total Nacional;09 Cataluña;Otros productos petrolíferos;2021;16.447
Total Nacional;09 Cataluña;Otros productos petrolíferos;2019;12.222
Total Nacional;09 Cataluña;Otros productos petrolíferos;2017;18.130
Total Nacional;09 Cataluña;Otros productos petrolíferos;2015;10.888
Total Nacional;09 Cataluña;Carbón y coque;2022;5.772
Total Nacional;09 Cataluña;Carbón y coque;2021;17.758
Total Nacional;09 Cataluña;Carbón y coque;2019;16.239
Total Nacional;09 Cataluña;Carbón y coque;2017;16.839
Total Nacional;09 Cataluña;Carbón y coque;2015;20.197
Total Nacional;09 Cataluña;Biocombustibles;2022;12.410
Total Nacional;09 Cataluña;Biocombustibles;2021;5.425
Total Nacional;09 Cataluña;Biocombustibles;2019;9.964
Total Nacional;09 Cataluña;Biocombustibles;2017;2.827
Total Nacional;09 Cataluña;Biocombustibles;2015;4.156
Total Nacional;09 Cataluña;Calor y otros consumos energéticos;2022;287.848
Total Nacional;09 Cataluña;Calor y otros consumos energéticos;2021;160.236
Total Nacional;09 Cataluña;Calor y otros consumos energéticos;2019;119.218
Total Nacional;09 Cataluña;Calor y otros consumos energéticos;2017;96.981
Total Nacional;09 Cataluña;Calor y otros consumos energéticos;2015;76.615
Total Nacional;09 Cataluña;Total consumos energéticos;2022;4.820.153
Total Nacional;09 Cataluña;Total consumos energéticos;2021;2.819.802
Total Nacional;09 Cataluña;Total consumos energéticos;2019;2.429.610
Total Nacional;09 Cataluña;Total consumos energéticos;2017;2.319.349
Total Nacional;09 Cataluña;Total consumos energéticos;2015;2.413.360
Total Nacional;10 Comunitat Valenciana;Electricidad;2022;1.556.787
Total Nacional;10 Comunitat Valenciana;Electricidad;2021;947.187
Total Nacional;10 Comunitat Valenciana;Electricidad;2019;668.364
Total Nacional;10 Comunitat Valenciana;Electricidad;2017;646.801
Total Nacional;10 Comunitat Valenciana;Electricidad;2015;622.121
Total Nacional;10 Comunitat Valenciana;Gas;2022;1.854.275
Total Nacional;10 Comunitat Valenciana;Gas;2021;878.642
Total Nacional;10 Comunitat Valenciana;Gas;2019;588.951
Total Nacional;10 Comunitat Valenciana;Gas;2017;568.302
Total Nacional;10 Comunitat Valenciana;Gas;2015;611.203
Total Nacional;10 Comunitat Valenciana;Gasóleo;2022;85.878
Total Nacional;10 Comunitat Valenciana;Gasóleo;2021;76.779
Total Nacional;10 Comunitat Valenciana;Gasóleo;2019;87.150
Total Nacional;10 Comunitat Valenciana;Gasóleo;2017;76.207
Total Nacional;10 Comunitat Valenciana;Gasóleo;2015;70.082
Total Nacional;10 Comunitat Valenciana;Fueloil;2022;2.452
Total Nacional;10 Comunitat Valenciana;Fueloil;2021;3.138
Total Nacional;10 Comunitat Valenciana;Fueloil;2019;4.166
Total Nacional;10 Comunitat Valenciana;Fueloil;2017;2.741
Total Nacional;10 Comunitat Valenciana;Fueloil;2015;4.146
Total Nacional;10 Comunitat Valenciana;Otros productos petrolíferos;2022;35.794
Total Nacional;10 Comunitat Valenciana;Otros productos petrolíferos;2021;12.917
Total Nacional;10 Comunitat Valenciana;Otros productos petrolíferos;2019;5.221
Total Nacional;10 Comunitat Valenciana;Otros productos petrolíferos;2017;12.273
Total Nacional;10 Comunitat Valenciana;Otros productos petrolíferos;2015;11.071
Total Nacional;10 Comunitat Valenciana;Carbón y coque;2022;3.163
Total Nacional;10 Comunitat Valenciana;Carbón y coque;2021;5.482
Total Nacional;10 Comunitat Valenciana;Carbón y coque;2019;8.279
Total Nacional;10 Comunitat Valenciana;Carbón y coque;2017;7.495
Total Nacional;10 Comunitat Valenciana;Carbón y coque;2015;11.618
Total Nacional;10 Comunitat Valenciana;Biocombustibles;2022;21.639
Total Nacional;10 Comunitat Valenciana;Biocombustibles;2021;2.266
Total Nacional;10 Comunitat Valenciana;Biocombustibles;2019;3.954
Total Nacional;10 Comunitat Valenciana;Biocombustibles;2017;1.918
Total Nacional;10 Comunitat Valenciana;Biocombustibles;2015;3.499
Total Nacional;10 Comunitat Valenciana;Calor y otros consumos energéticos;2022;46.869
Total Nacional;10 Comunitat Valenciana;Calor y otros consumos energéticos;2021;26.557
Total Nacional;10 Comunitat Valenciana;Calor y otros consumos energéticos;2019;37.636
Total Nacional;10 Comunitat Valenciana;Calor y otros consumos energéticos;2017;20.886
Total Nacional;10 Comunitat Valenciana;Calor y otros consumos energéticos;2015;27.105
Total Nacional;10 Comunitat Valenciana;Total consumos energéticos;2022;3.606.858
Total Nacional;10 Comunitat Valenciana;Total consumos energéticos;2021;1.952.968
Total Nacional;10 Comunitat Valenciana;Total consumos energéticos;2019;1.403.721
Total Nacional;10 Comunitat Valenciana;Total consumos energéticos;2017;1.336.622
Total Nacional;10 Comunitat Valenciana;Total consumos energéticos;2015;1.360.846
Total Nacional;11 Extremadura;Electricidad;2022;257.564
Total Nacional;11 Extremadura;Electricidad;2021;154.976
Total Nacional;11 Extremadura;Electricidad;2019;93.373
Total Nacional;11 Extremadura;Electricidad;2017;81.367
Total Nacional;11 Extremadura;Electricidad;2015;73.117
Total Nacional;11 Extremadura;Gas;2022;118.755
Total Nacional;11 Extremadura;Gas;2021;48.442
Total Nacional;11 Extremadura;Gas;2019;41.672
Total Nacional;11 Extremadura;Gas;2017;40.535
Total Nacional;11 Extremadura;Gas;2015;51.442
Total Nacional;11 Extremadura;Gasóleo;2022;12.730
Total Nacional;11 Extremadura;Gasóleo;2021;9.096
Total Nacional;11 Extremadura;Gasóleo;2019;15.221
Total Nacional;11 Extremadura;Gasóleo;2017;10.558
Total Nacional;11 Extremadura;Gasóleo;2015;6.772
Total Nacional;11 Extremadura;Fueloil;2022;837
Total Nacional;11 Extremadura;Fueloil;2021;1.330
Total Nacional;11 Extremadura;Fueloil;2019;1.569
Total Nacional;11 Extremadura;Fueloil;2017;694
Total Nacional;11 Extremadura;Fueloil;2015;1.161
Total Nacional;11 Extremadura;Otros productos petrolíferos;2022;8.782
Total Nacional;11 Extremadura;Otros productos petrolíferos;2021;801
Total Nacional;11 Extremadura;Otros productos petrolíferos;2019;833
Total Nacional;11 Extremadura;Otros productos petrolíferos;2017;683
Total Nacional;11 Extremadura;Otros productos petrolíferos;2015;1.029
Total Nacional;11 Extremadura;Carbón y coque;2022;176
Total Nacional;11 Extremadura;Carbón y coque;2021;6.561
Total Nacional;11 Extremadura;Carbón y coque;2019;3.906
Total Nacional;11 Extremadura;Carbón y coque;2017;5.368
Total Nacional;11 Extremadura;Carbón y coque;2015;3.744
Total Nacional;11 Extremadura;Biocombustibles;2022;2.724
Total Nacional;11 Extremadura;Biocombustibles;2021;689
Total Nacional;11 Extremadura;Biocombustibles;2019;351
Total Nacional;11 Extremadura;Biocombustibles;2017;278
Total Nacional;11 Extremadura;Biocombustibles;2015;233
Total Nacional;11 Extremadura;Calor y otros consumos energéticos;2022;504
Total Nacional;11 Extremadura;Calor y otros consumos energéticos;2021;303
Total Nacional;11 Extremadura;Calor y otros consumos energéticos;2019;776
Total Nacional;11 Extremadura;Calor y otros consumos energéticos;2017;2.660
Total Nacional;11 Extremadura;Calor y otros consumos energéticos;2015;2.484
Total Nacional;11 Extremadura;Total consumos energéticos;2022;402.071
Total Nacional;11 Extremadura;Total consumos energéticos;2021;222.199
Total Nacional;11 Extremadura;Total consumos energéticos;2019;157.701
Total Nacional;11 Extremadura;Total consumos energéticos;2017;142.143
Total Nacional;11 Extremadura;Total consumos energéticos;2015;139.981
Total Nacional;12 Galicia;Electricidad;2022;955.804
Total Nacional;12 Galicia;Electricidad;2021;779.525
Total Nacional;12 Galicia;Electricidad;2019;564.851
Total Nacional;12 Galicia;Electricidad;2017;542.677
Total Nacional;12 Galicia;Electricidad;2015;551.790
Total Nacional;12 Galicia;Gas;2022;533.971
Total Nacional;12 Galicia;Gas;2021;204.798
Total Nacional;12 Galicia;Gas;2019;212.699
Total Nacional;12 Galicia;Gas;2017;179.975
Total Nacional;12 Galicia;Gas;2015;193.879
Total Nacional;12 Galicia;Gasóleo;2022;74.182
Total Nacional;12 Galicia;Gasóleo;2021;50.456
Total Nacional;12 Galicia;Gasóleo;2019;76.758
Total Nacional;12 Galicia;Gasóleo;2017;49.726
Total Nacional;12 Galicia;Gasóleo;2015;59.864
Total Nacional;12 Galicia;Fueloil;2022;28.274
Total Nacional;12 Galicia;Fueloil;2021;31.033
Total Nacional;12 Galicia;Fueloil;2019;22.325
Total Nacional;12 Galicia;Fueloil;2017;21.514
Total Nacional;12 Galicia;Fueloil;2015;41.999
Total Nacional;12 Galicia;Otros productos petrolíferos;2022;12.618
Total Nacional;12 Galicia;Otros productos petrolíferos;2021;5.537
Total Nacional;12 Galicia;Otros productos petrolíferos;2019;4.469
Total Nacional;12 Galicia;Otros productos petrolíferos;2017;4.736
Total Nacional;12 Galicia;Otros productos petrolíferos;2015;4.725
Total Nacional;12 Galicia;Carbón y coque;2022;406
Total Nacional;12 Galicia;Carbón y coque;2021;5.159
Total Nacional;12 Galicia;Carbón y coque;2019;1.665
Total Nacional;12 Galicia;Carbón y coque;2017;2.628
Total Nacional;12 Galicia;Carbón y coque;2015;3.903
Total Nacional;12 Galicia;Biocombustibles;2022;5.881
Total Nacional;12 Galicia;Biocombustibles;2021;6.742
Total Nacional;12 Galicia;Biocombustibles;2019;3.083
Total Nacional;12 Galicia;Biocombustibles;2017;4.752
Total Nacional;12 Galicia;Biocombustibles;2015;21.090
Total Nacional;12 Galicia;Calor y otros consumos energéticos;2022;40.694
Total Nacional;12 Galicia;Calor y otros consumos energéticos;2021;20.583
Total Nacional;12 Galicia;Calor y otros consumos energéticos;2019;18.577
Total Nacional;12 Galicia;Calor y otros consumos energéticos;2017;15.390
Total Nacional;12 Galicia;Calor y otros consumos energéticos;2015;17.732
Total Nacional;12 Galicia;Total consumos energéticos;2022;1.651.830
Total Nacional;12 Galicia;Total consumos energéticos;2021;1.103.833
Total Nacional;12 Galicia;Total consumos energéticos;2019;904.428
Total Nacional;12 Galicia;Total consumos energéticos;2017;821.396
Total Nacional;12 Galicia;Total consumos energéticos;2015;894.981
Total Nacional;13 Madrid, Comunidad de;Electricidad;2022;580.695
Total Nacional;13 Madrid, Comunidad de;Electricidad;2021;376.289
Total Nacional;13 Madrid, Comunidad de;Electricidad;2019;341.159
Total Nacional;13 Madrid, Comunidad de;Electricidad;2017;307.462
Total Nacional;13 Madrid, Comunidad de;Electricidad;2015;309.014
Total Nacional;13 Madrid, Comunidad de;Gas;2022;264.888
Total Nacional;13 Madrid, Comunidad de;Gas;2021;144.896
Total Nacional;13 Madrid, Comunidad de;Gas;2019;113.915
Total Nacional;13 Madrid, Comunidad de;Gas;2017;98.249
Total Nacional;13 Madrid, Comunidad de;Gas;2015;124.750
Total Nacional;13 Madrid, Comunidad de;Gasóleo;2022;44.621
Total Nacional;13 Madrid, Comunidad de;Gasóleo;2021;51.052
Total Nacional;13 Madrid, Comunidad de;Gasóleo;2019;50.608
Total Nacional;13 Madrid, Comunidad de;Gasóleo;2017;37.675
Total Nacional;13 Madrid, Comunidad de;Gasóleo;2015;38.779
Total Nacional;13 Madrid, Comunidad de;Fueloil;2022;2.600
Total Nacional;13 Madrid, Comunidad de;Fueloil;2021;2.382
Total Nacional;13 Madrid, Comunidad de;Fueloil;2019;2.022
Total Nacional;13 Madrid, Comunidad de;Fueloil;2017;2.823
Total Nacional;13 Madrid, Comunidad de;Fueloil;2015;3.245
Total Nacional;13 Madrid, Comunidad de;Otros productos petrolíferos;2022;19.257
Total Nacional;13 Madrid, Comunidad de;Otros productos petrolíferos;2021;7.342
Total Nacional;13 Madrid, Comunidad de;Otros productos petrolíferos;2019;5.484
Total Nacional;13 Madrid, Comunidad de;Otros productos petrolíferos;2017;7.976
Total Nacional;13 Madrid, Comunidad de;Otros productos petrolíferos;2015;6.669
Total Nacional;13 Madrid, Comunidad de;Carbón y coque;2022;125
Total Nacional;13 Madrid, Comunidad de;Carbón y coque;2021;7.092
Total Nacional;13 Madrid, Comunidad de;Carbón y coque;2019;6.971
Total Nacional;13 Madrid, Comunidad de;Carbón y coque;2017;12.479
Total Nacional;13 Madrid, Comunidad de;Carbón y coque;2015;7.019
Total Nacional;13 Madrid, Comunidad de;Biocombustibles;2022;2.460
Total Nacional;13 Madrid, Comunidad de;Biocombustibles;2021;591
Total Nacional;13 Madrid, Comunidad de;Biocombustibles;2019;1.392
Total Nacional;13 Madrid, Comunidad de;Biocombustibles;2017;991
Total Nacional;13 Madrid, Comunidad de;Biocombustibles;2015;2.128
Total Nacional;13 Madrid, Comunidad de;Calor y otros consumos energéticos;2022;11.158
Total Nacional;13 Madrid, Comunidad de;Calor y otros consumos energéticos;2021;8.672
Total Nacional;13 Madrid, Comunidad de;Calor y otros consumos energéticos;2019;4.198
Total Nacional;13 Madrid, Comunidad de;Calor y otros consumos energéticos;2017;3.700
Total Nacional;13 Madrid, Comunidad de;Calor y otros consumos energéticos;2015;8.348
Total Nacional;13 Madrid, Comunidad de;Total consumos energéticos;2022;925.804
Total Nacional;13 Madrid, Comunidad de;Total consumos energéticos;2021;598.315
Total Nacional;13 Madrid, Comunidad de;Total consumos energéticos;2019;525.749
Total Nacional;13 Madrid, Comunidad de;Total consumos energéticos;2017;471.356
Total Nacional;13 Madrid, Comunidad de;Total consumos energéticos;2015;499.950
Total Nacional;14 Murcia, Región de;Electricidad;2022;482.986
Total Nacional;14 Murcia, Región de;Electricidad;2021;293.225
Total Nacional;14 Murcia, Región de;Electricidad;2019;209.575
Total Nacional;14 Murcia, Región de;Electricidad;2017;255.958
Total Nacional;14 Murcia, Región de;Electricidad;2015;193.693
Total Nacional;14 Murcia, Región de;Gas;2022;294.992
Total Nacional;14 Murcia, Región de;Gas;2021;156.452
Total Nacional;14 Murcia, Región de;Gas;2019;128.700
Total Nacional;14 Murcia, Región de;Gas;2017;152.001
Total Nacional;14 Murcia, Región de;Gas;2015;151.933
Total Nacional;14 Murcia, Región de;Gasóleo;2022;35.289
Total Nacional;14 Murcia, Región de;Gasóleo;2021;27.445
Total Nacional;14 Murcia, Región de;Gasóleo;2019;24.256
Total Nacional;14 Murcia, Región de;Gasóleo;2017;24.980
Total Nacional;14 Murcia, Región de;Gasóleo;2015;22.418
Total Nacional;14 Murcia, Región de;Fueloil;2022;1.530
Total Nacional;14 Murcia, Región de;Fueloil;2021;2.092
Total Nacional;14 Murcia, Región de;Fueloil;2019;2.327
Total Nacional;14 Murcia, Región de;Fueloil;2017;1.777
Total Nacional;14 Murcia, Región de;Fueloil;2015;775
Total Nacional;14 Murcia, Región de;Otros productos petrolíferos;2022;5.432
Total Nacional;14 Murcia, Región de;Otros productos petrolíferos;2021;2.807
Total Nacional;14 Murcia, Región de;Otros productos petrolíferos;2019;4.302
Total Nacional;14 Murcia, Región de;Otros productos petrolíferos;2017;4.946
Total Nacional;14 Murcia, Región de;Otros productos petrolíferos;2015;1.443
Total Nacional;14 Murcia, Región de;Carbón y coque;2022;16
Total Nacional;14 Murcia, Región de;Carbón y coque;2021;728
Total Nacional;14 Murcia, Región de;Carbón y coque;2019;673
Total Nacional;14 Murcia, Región de;Carbón y coque;2017;499
Total Nacional;14 Murcia, Región de;Carbón y coque;2015;1.100
Total Nacional;14 Murcia, Región de;Biocombustibles;2022;2.555
Total Nacional;14 Murcia, Región de;Biocombustibles;2021;2.058
Total Nacional;14 Murcia, Región de;Biocombustibles;2019;501
Total Nacional;14 Murcia, Región de;Biocombustibles;2017;815
Total Nacional;14 Murcia, Región de;Biocombustibles;2015;255
Total Nacional;14 Murcia, Región de;Calor y otros consumos energéticos;2022;303.563
Total Nacional;14 Murcia, Región de;Calor y otros consumos energéticos;2021;171.812
Total Nacional;14 Murcia, Región de;Calor y otros consumos energéticos;2019;68.220
Total Nacional;14 Murcia, Región de;Calor y otros consumos energéticos;2017;33.240
Total Nacional;14 Murcia, Región de;Calor y otros consumos energéticos;2015;23.792
Total Nacional;14 Murcia, Región de;Total consumos energéticos;2022;1.126.363
Total Nacional;14 Murcia, Región de;Total consumos energéticos;2021;656.619
Total Nacional;14 Murcia, Región de;Total consumos energéticos;2019;438.553
Total Nacional;14 Murcia, Región de;Total consumos energéticos;2017;474.217
Total Nacional;14 Murcia, Región de;Total consumos energéticos;2015;395.409
Total Nacional;15 Navarra, Comunidad Foral de;Electricidad;2022;521.745
Total Nacional;15 Navarra, Comunidad Foral de;Electricidad;2021;303.979
Total Nacional;15 Navarra, Comunidad Foral de;Electricidad;2019;236.759
Total Nacional;15 Navarra, Comunidad Foral de;Electricidad;2017;214.039
Total Nacional;15 Navarra, Comunidad Foral de;Electricidad;2015;212.486
Total Nacional;15 Navarra, Comunidad Foral de;Gas;2022;217.558
Total Nacional;15 Navarra, Comunidad Foral de;Gas;2021;116.784
Total Nacional;15 Navarra, Comunidad Foral de;Gas;2019;99.933
Total Nacional;15 Navarra, Comunidad Foral de;Gas;2017;87.860
Total Nacional;15 Navarra, Comunidad Foral de;Gas;2015;99.538
Total Nacional;15 Navarra, Comunidad Foral de;Gasóleo;2022;25.425
Total Nacional;15 Navarra, Comunidad Foral de;Gasóleo;2021;10.107
Total Nacional;15 Navarra, Comunidad Foral de;Gasóleo;2019;17.710
Total Nacional;15 Navarra, Comunidad Foral de;Gasóleo;2017;16.579
Total Nacional;15 Navarra, Comunidad Foral de;Gasóleo;2015;17.221
Total Nacional;15 Navarra, Comunidad Foral de;Fueloil;2022;10.322
Total Nacional;15 Navarra, Comunidad Foral de;Fueloil;2021;1.201
Total Nacional;15 Navarra, Comunidad Foral de;Fueloil;2019;1.650
Total Nacional;15 Navarra, Comunidad Foral de;Fueloil;2017;1.005
Total Nacional;15 Navarra, Comunidad Foral de;Fueloil;2015;596
Total Nacional;15 Navarra, Comunidad Foral de;Otros productos petrolíferos;2022;30.123
Total Nacional;15 Navarra, Comunidad Foral de;Otros productos petrolíferos;2021;1.858
Total Nacional;15 Navarra, Comunidad Foral de;Otros productos petrolíferos;2019;2.162
Total Nacional;15 Navarra, Comunidad Foral de;Otros productos petrolíferos;2017;2.078
Total Nacional;15 Navarra, Comunidad Foral de;Otros productos petrolíferos;2015;1.325
Total Nacional;15 Navarra, Comunidad Foral de;Carbón y coque;2022;29.113
Total Nacional;15 Navarra, Comunidad Foral de;Carbón y coque;2021;19.748
Total Nacional;15 Navarra, Comunidad Foral de;Carbón y coque;2019;19.097
Total Nacional;15 Navarra, Comunidad Foral de;Carbón y coque;2017;16.608
Total Nacional;15 Navarra, Comunidad Foral de;Carbón y coque;2015;15.680
Total Nacional;15 Navarra, Comunidad Foral de;Biocombustibles;2022;14.374
Total Nacional;15 Navarra, Comunidad Foral de;Biocombustibles;2021;941
Total Nacional;15 Navarra, Comunidad Foral de;Biocombustibles;2019;5.922
Total Nacional;15 Navarra, Comunidad Foral de;Biocombustibles;2017;2.246
Total Nacional;15 Navarra, Comunidad Foral de;Biocombustibles;2015;857
Total Nacional;15 Navarra, Comunidad Foral de;Calor y otros consumos energéticos;2022;9.929
Total Nacional;15 Navarra, Comunidad Foral de;Calor y otros consumos energéticos;2021;9.745
Total Nacional;15 Navarra, Comunidad Foral de;Calor y otros consumos energéticos;2019;6.872
Total Nacional;15 Navarra, Comunidad Foral de;Calor y otros consumos energéticos;2017;4.276
Total Nacional;15 Navarra, Comunidad Foral de;Calor y otros consumos energéticos;2015;6.184
Total Nacional;15 Navarra, Comunidad Foral de;Total consumos energéticos;2022;858.589
Total Nacional;15 Navarra, Comunidad Foral de;Total consumos energéticos;2021;464.362
Total Nacional;15 Navarra, Comunidad Foral de;Total consumos energéticos;2019;390.107
Total Nacional;15 Navarra, Comunidad Foral de;Total consumos energéticos;2017;344.689
Total Nacional;15 Navarra, Comunidad Foral de;Total consumos energéticos;2015;353.888
Total Nacional;16 País Vasco;Electricidad;2022;1.435.585
Total Nacional;16 País Vasco;Electricidad;2021;940.939
Total Nacional;16 País Vasco;Electricidad;2019;608.529
Total Nacional;16 País Vasco;Electricidad;2017;658.736
Total Nacional;16 País Vasco;Electricidad;2015;674.658
Total Nacional;16 País Vasco;Gas;2022;776.666
Total Nacional;16 País Vasco;Gas;2021;364.618
Total Nacional;16 País Vasco;Gas;2019;335.829
Total Nacional;16 País Vasco;Gas;2017;262.444
Total Nacional;16 País Vasco;Gas;2015;371.700
Total Nacional;16 País Vasco;Gasóleo;2022;37.165
Total Nacional;16 País Vasco;Gasóleo;2021;21.203
Total Nacional;16 País Vasco;Gasóleo;2019;23.945
Total Nacional;16 País Vasco;Gasóleo;2017;25.649
Total Nacional;16 País Vasco;Gasóleo;2015;25.770
Total Nacional;16 País Vasco;Fueloil;2022;641
Total Nacional;16 País Vasco;Fueloil;2021;2.792
Total Nacional;16 País Vasco;Fueloil;2019;3.450
Total Nacional;16 País Vasco;Fueloil;2017;2.127
Total Nacional;16 País Vasco;Fueloil;2015;1.025
Total Nacional;16 País Vasco;Otros productos petrolíferos;2022;24.657
Total Nacional;16 País Vasco;Otros productos petrolíferos;2021;5.674
Total Nacional;16 País Vasco;Otros productos petrolíferos;2019;6.818
Total Nacional;16 País Vasco;Otros productos petrolíferos;2017;5.785
Total Nacional;16 País Vasco;Otros productos petrolíferos;2015;4.773
Total Nacional;16 País Vasco;Carbón y coque;2022;4.268
Total Nacional;16 País Vasco;Carbón y coque;2021;4.787
Total Nacional;16 País Vasco;Carbón y coque;2019;385
Total Nacional;16 País Vasco;Carbón y coque;2017;6.670
Total Nacional;16 País Vasco;Carbón y coque;2015;4.695
Total Nacional;16 País Vasco;Biocombustibles;2022;2.884
Total Nacional;16 País Vasco;Biocombustibles;2021;1.680
Total Nacional;16 País Vasco;Biocombustibles;2019;1.352
Total Nacional;16 País Vasco;Biocombustibles;2017;4.918
Total Nacional;16 País Vasco;Biocombustibles;2015;1.105
Total Nacional;16 País Vasco;Calor y otros consumos energéticos;2022;72.340
Total Nacional;16 País Vasco;Calor y otros consumos energéticos;2021;27.092
Total Nacional;16 País Vasco;Calor y otros consumos energéticos;2019;44.888
Total Nacional;16 País Vasco;Calor y otros consumos energéticos;2017;25.938
Total Nacional;16 País Vasco;Calor y otros consumos energéticos;2015;19.798
Total Nacional;16 País Vasco;Total consumos energéticos;2022;2.354.204
Total Nacional;16 País Vasco;Total consumos energéticos;2021;1.368.783
Total Nacional;16 País Vasco;Total consumos energéticos;2019;1.025.196
Total Nacional;16 País Vasco;Total consumos energéticos;2017;992.267
Total Nacional;16 País Vasco;Total consumos energéticos;2015;1.103.523
Total Nacional;17 Rioja, La;Electricidad;2022;109.882
Total Nacional;17 Rioja, La;Electricidad;2021;52.543
Total Nacional;17 Rioja, La;Electricidad;2019;48.249
Total Nacional;17 Rioja, La;Electricidad;2017;44.637
Total Nacional;17 Rioja, La;Electricidad;2015;44.195
Total Nacional;17 Rioja, La;Gas;2022;43.271
Total Nacional;17 Rioja, La;Gas;2021;19.298
Total Nacional;17 Rioja, La;Gas;2019;18.101
Total Nacional;17 Rioja, La;Gas;2017;14.817
Total Nacional;17 Rioja, La;Gas;2015;13.871
Total Nacional;17 Rioja, La;Gasóleo;2022;11.096
Total Nacional;17 Rioja, La;Gasóleo;2021;8.899
Total Nacional;17 Rioja, La;Gasóleo;2019;9.105
Total Nacional;17 Rioja, La;Gasóleo;2017;6.958
Total Nacional;17 Rioja, La;Gasóleo;2015;7.227
Total Nacional;17 Rioja, La;Fueloil;2022;469
Total Nacional;17 Rioja, La;Fueloil;2021;231
Total Nacional;17 Rioja, La;Fueloil;2019;700
Total Nacional;17 Rioja, La;Fueloil;2017;436
Total Nacional;17 Rioja, La;Fueloil;2015;2.714
Total Nacional;17 Rioja, La;Otros productos petrolíferos;2022;2.485
Total Nacional;17 Rioja, La;Otros productos petrolíferos;2021;1.202
Total Nacional;17 Rioja, La;Otros productos petrolíferos;2019;581
Total Nacional;17 Rioja, La;Otros productos petrolíferos;2017;1.651
Total Nacional;17 Rioja, La;Otros productos petrolíferos;2015;805
Total Nacional;17 Rioja, La;Carbón y coque;2022;82
Total Nacional;17 Rioja, La;Carbón y coque;2021;95
Total Nacional;17 Rioja, La;Carbón y coque;2019;110
Total Nacional;17 Rioja, La;Carbón y coque;2017;7
Total Nacional;17 Rioja, La;Carbón y coque;2015;113
Total Nacional;17 Rioja, La;Biocombustibles;2022;233
Total Nacional;17 Rioja, La;Biocombustibles;2021;251
Total Nacional;17 Rioja, La;Biocombustibles;2019;304
Total Nacional;17 Rioja, La;Biocombustibles;2017;56
Total Nacional;17 Rioja, La;Biocombustibles;2015;226
Total Nacional;17 Rioja, La;Calor y otros consumos energéticos;2022;927
Total Nacional;17 Rioja, La;Calor y otros consumos energéticos;2021;366
Total Nacional;17 Rioja, La;Calor y otros consumos energéticos;2019;842
Total Nacional;17 Rioja, La;Calor y otros consumos energéticos;2017;566
Total Nacional;17 Rioja, La;Calor y otros consumos energéticos;2015;1.085
Total Nacional;17 Rioja, La;Total consumos energéticos;2022;168.446
Total Nacional;17 Rioja, La;Total consumos energéticos;2021;82.886
Total Nacional;17 Rioja, La;Total consumos energéticos;2019;77.993
Total Nacional;17 Rioja, La;Total consumos energéticos;2017;69.126
Total Nacional;17 Rioja, La;Total consumos energéticos;2015;70.235
Total Nacional;18 Ceuta;Electricidad;2022;.
Total Nacional;18 Ceuta;Electricidad;2021;.
Total Nacional;18 Ceuta;Electricidad;2019;215
Total Nacional;18 Ceuta;Electricidad;2017;.
Total Nacional;18 Ceuta;Electricidad;2015;.
Total Nacional;18 Ceuta;Gas;2022;.
Total Nacional;18 Ceuta;Gas;2021;.
Total Nacional;18 Ceuta;Gas;2019;70
Total Nacional;18 Ceuta;Gas;2017;.
Total Nacional;18 Ceuta;Gas;2015;.
Total Nacional;18 Ceuta;Gasóleo;2022;.
Total Nacional;18 Ceuta;Gasóleo;2021;.
Total Nacional;18 Ceuta;Gasóleo;2019;25
Total Nacional;18 Ceuta;Gasóleo;2017;.
Total Nacional;18 Ceuta;Gasóleo;2015;.
Total Nacional;18 Ceuta;Fueloil;2022;.
Total Nacional;18 Ceuta;Fueloil;2021;.
Total Nacional;18 Ceuta;Fueloil;2019;0
Total Nacional;18 Ceuta;Fueloil;2017;.
Total Nacional;18 Ceuta;Fueloil;2015;.
Total Nacional;18 Ceuta;Otros productos petrolíferos;2022;.
Total Nacional;18 Ceuta;Otros productos petrolíferos;2021;.
Total Nacional;18 Ceuta;Otros productos petrolíferos;2019;11
Total Nacional;18 Ceuta;Otros productos petrolíferos;2017;.
Total Nacional;18 Ceuta;Otros productos petrolíferos;2015;.
Total Nacional;18 Ceuta;Carbón y coque;2022;.
Total Nacional;18 Ceuta;Carbón y coque;2021;.
Total Nacional;18 Ceuta;Carbón y coque;2019;0
Total Nacional;18 Ceuta;Carbón y coque;2017;.
Total Nacional;18 Ceuta;Carbón y coque;2015;.
Total Nacional;18 Ceuta;Biocombustibles;2022;.
Total Nacional;18 Ceuta;Biocombustibles;2021;.
Total Nacional;18 Ceuta;Biocombustibles;2019;0
Total Nacional;18 Ceuta;Biocombustibles;2017;.
Total Nacional;18 Ceuta;Biocombustibles;2015;.
Total Nacional;18 Ceuta;Calor y otros consumos energéticos;2022;.
Total Nacional;18 Ceuta;Calor y otros consumos energéticos;2021;.
Total Nacional;18 Ceuta;Calor y otros consumos energéticos;2019;0
Total Nacional;18 Ceuta;Calor y otros consumos energéticos;2017;.
Total Nacional;18 Ceuta;Calor y otros consumos energéticos;2015;.
Total Nacional;18 Ceuta;Total consumos energéticos;2022;.
Total Nacional;18 Ceuta;Total consumos energéticos;2021;.
Total Nacional;18 Ceuta;Total consumos energéticos;2019;321
Total Nacional;18 Ceuta;Total consumos energéticos;2017;.
Total Nacional;18 Ceuta;Total consumos energéticos;2015;.
Total Nacional;19 Melilla;Electricidad;2022;.
Total Nacional;19 Melilla;Electricidad;2021;.
Total Nacional;19 Melilla;Electricidad;2019;74
Total Nacional;19 Melilla;Electricidad;2017;.
Total Nacional;19 Melilla;Electricidad;2015;.
Total Nacional;19 Melilla;Gas;2022;.
Total Nacional;19 Melilla;Gas;2021;.
Total Nacional;19 Melilla;Gas;2019;9
Total Nacional;19 Melilla;Gas;2017;.
Total Nacional;19 Melilla;Gas;2015;.
Total Nacional;19 Melilla;Gasóleo;2022;.
Total Nacional;19 Melilla;Gasóleo;2021;.
Total Nacional;19 Melilla;Gasóleo;2019;102
Total Nacional;19 Melilla;Gasóleo;2017;.
Total Nacional;19 Melilla;Gasóleo;2015;.
Total Nacional;19 Melilla;Fueloil;2022;.
Total Nacional;19 Melilla;Fueloil;2021;.
Total Nacional;19 Melilla;Fueloil;2019;0
Total Nacional;19 Melilla;Fueloil;2017;.
Total Nacional;19 Melilla;Fueloil;2015;.
Total Nacional;19 Melilla;Otros productos petrolíferos;2022;.
Total Nacional;19 Melilla;Otros productos petrolíferos;2021;.
Total Nacional;19 Melilla;Otros productos petrolíferos;2019;7
Total Nacional;19 Melilla;Otros productos petrolíferos;2017;.
Total Nacional;19 Melilla;Otros productos petrolíferos;2015;.
Total Nacional;19 Melilla;Carbón y coque;2022;.
Total Nacional;19 Melilla;Carbón y coque;2021;.
Total Nacional;19 Melilla;Carbón y coque;2019;2
Total Nacional;19 Melilla;Carbón y coque;2017;.
Total Nacional;19 Melilla;Carbón y coque;2015;.
Total Nacional;19 Melilla;Biocombustibles;2022;.
Total Nacional;19 Melilla;Biocombustibles;2021;.
Total Nacional;19 Melilla;Biocombustibles;2019;0
Total Nacional;19 Melilla;Biocombustibles;2017;.
Total Nacional;19 Melilla;Biocombustibles;2015;.
Total Nacional;19 Melilla;Calor y otros consumos energéticos;2022;.
Total Nacional;19 Melilla;Calor y otros consumos energéticos;2021;.
Total Nacional;19 Melilla;Calor y otros consumos energéticos;2019;4
Total Nacional;19 Melilla;Calor y otros consumos energéticos;2017;.
Total Nacional;19 Melilla;Calor y otros consumos energéticos;2015;.
Total Nacional;19 Melilla;Total consumos energéticos;2022;.
Total Nacional;19 Melilla;Total consumos energéticos;2021;.
Total Nacional;19 Melilla;Total consumos energéticos;2019;199
Total Nacional;19 Melilla;Total consumos energéticos;2017;.
Total Nacional;19 Melilla;Total consumos energéticos;2015;.
